<?xml version="1.0" encoding="UTF-8"?>
<preferences>
 <debug showDebugMenu="0" />
 <systemtable>
  <columns>
   <connections preferredWidth="207" />
   <irq preferredWidth="34" />
   <inputclock preferredWidth="152" />
   <export preferredWidth="157" />
  </columns>
 </systemtable>
 <clocktable>
  <columns>
   <clockname preferredWidth="385" />
   <clocksource preferredWidth="384" />
   <frequency preferredWidth="365" />
  </columns>
 </clocktable>
 <library
   expandedCategories="Library/Bridges/Memory-Mapped,Library/Interface Protocols/Serial,Project,Library/Interface Protocols,Library,Library/Bridges" />
 <window width="1444" height="851" x="270" y="46" />
 <generation simulation="VHDL" path="_PROJECT_NAME_" />
 <hdlexample language="VHDL" />
</preferences>
