<?xml version="1.0" encoding="UTF-8"?>
<preferences>
 <debug showDebugMenu="0" />
 <systemtable>
  <columns>
   <connections preferredWidth="287" />
   <irq preferredWidth="34" />
   <inputclock preferredWidth="152" />
  </columns>
 </systemtable>
 <clocktable>
  <columns>
   <clockname preferredWidth="384" />
   <clocksource preferredWidth="384" />
   <frequency preferredWidth="366" />
  </columns>
 </clocktable>
 <library
   expandedCategories="Library/Interface Protocols/Ethernet/Example,Project,Library/Interface Protocols/Ethernet,Library/University Program/Audio &amp; Video,Library/Memories and Memory Controllers,Library/University Program/Audio &amp; Video/Video,Library,Library/Memories and Memory Controllers/On-Chip,Library/University Program,Library/Interface Protocols" />
 <window width="1100" height="838" x="270" y="46" />
 <generation simulation="VHDL" />
 <hdlexample language="VHDL" />
</preferences>
