<?xml version="1.0" encoding="UTF-8"?>
<preferences>
 <debug showDebugMenu="0" />
 <systemtable>
  <columns>
   <connections preferredWidth="255" />
   <irq preferredWidth="34" />
   <inputclock preferredWidth="152" />
  </columns>
 </systemtable>
 <clocktable>
  <columns>
   <clockname preferredWidth="384" />
   <clocksource preferredWidth="384" />
   <frequency preferredWidth="366" />
  </columns>
 </clocktable>
 <library
   expandedCategories="Project,Library,Library/Verification,Library/Verification/Simulation,Library/Clock and Reset" />
 <window width="1100" height="838" x="194" y="118" />
 <generation simulation="VHDL" />
 <hdlexample language="VERILOG" />
</preferences>
