<?xml version="1.0" encoding="UTF-8"?>
<preferences>
 <debug showDebugMenu="0" />
 <systemtable>
  <columns>
   <connections preferredWidth="159" />
   <irq preferredWidth="34" />
  </columns>
 </systemtable>
 <clocktable>
  <columns>
   <clockname preferredWidth="384" />
   <clocksource preferredWidth="384" />
   <frequency preferredWidth="366" />
  </columns>
 </clocktable>
 <library
   expandedCategories="Library/Memories and Memory Controllers/External Memory Interfaces/SDRAM Interfaces,Library/Interface Protocols/SDI,Library/Interface Protocols/Ethernet,Library/Memories and Memory Controllers/External Memory Interfaces/RLDRAM II Interfaces,Library/SLS/Communication,Library/DSP/Video and Image Processing,Library/DSP,Library/University Program,Library/Memories and Memory Controllers/External Memory Interfaces/DDR2 Interfaces,Library/Memories and Memory Controllers/External Memory Interfaces/Pattern Generators,Library/University Program/Generic IO,Library/Interface Protocols,Library/Memories and Memory Controllers/External Memory Interfaces,Library/University Program/Memory,Library/Interface Protocols/Interlaken,Library/University Program/Communications,Library/Bridges/DMA,Library/Bridges/Streaming,Library/Memories and Memory Controllers/External Memory Interfaces/Flash Interfaces,Library/Qsys Interconnect/Interrupt,Library/Peripherals/Debug and Performance,Library/University Program/Audio &amp; Video,Library/University Program/Bridges,Library/Bridges/Memory-Mapped,Library/Verification/Debug &amp; Performance,Library/Interface Protocols/Ethernet/Example Designs,Library/PLL,Library/Memories and Memory Controllers/External Memory Interfaces/DDR3 Interfaces,Library/Interface Protocols/RapidIO,Library/Merlin Components,Library/Verification/Simulation,Library/Memories and Memory Controllers,Library/Peripherals/Display,Library/SLS/Communication/USB,Library/Interface Protocols/Ethernet/Example,Library/Memories and Memory Controllers/On-Chip,Library/Memories and Memory Controllers/External Memory Interfaces/DDR Interfaces,Library/Memories and Memory Controllers/External Memory Interfaces/Memory Models,Library/SLS,Library/Embedded Processors,Library/Memories and Memory Controllers/External Memory Interfaces/RLDRAM 3 Interfaces,Library/University Program/Audio &amp; Video/Video,Library/Window Bridge,Library/Verification,Library/Qsys Interconnect/Memory-Mapped,Library/Memories and Memory Controllers/External Memory Interfaces/QDR II Interfaces,Project,Library/Interface Protocols/Ethernet/Submodules,Library/Qsys Interconnect/Tri-State Components,Library/Interface Protocols/Transceiver PHY,Library/Configuration &amp; Programming,Library/Qsys Interconnect,Library/Memories and Memory Controllers/External Memory Interfaces/LPDDR2 Interfaces,Library/Interface Protocols/Serial,Library/Memories and Memory Controllers/External Memory Interfaces/Performance Monitors,Library,Library/Interface Protocols/PCI,Library/Bridges,Library/Peripherals/Microcontroller Peripherals,Library/Peripherals" />
 <window width="1444" height="851" x="340" y="20" />
 <generation simulation="VHDL" />
</preferences>
