<?xml version="1.0" encoding="UTF-8"?>
<preferences>
 <debug showDebugMenu="0" />
 <systemtable>
  <columns>
   <connections preferredWidth="159" />
   <irq preferredWidth="34" />
  </columns>
 </systemtable>
 <clocktable>
  <columns>
   <clockname preferredWidth="384" />
   <clocksource preferredWidth="384" />
   <frequency preferredWidth="366" />
  </columns>
 </clocktable>
 <library expandedCategories="Project,Library" />
 <window width="1444" height="851" x="270" y="46" />
 <generation simulation="VHDL" />
</preferences>
