<?xml version="1.0" encoding="UTF-8"?>
<preferences>
 <debug showDebugMenu="0" />
 <systemtable>
  <columns>
   <connections preferredWidth="207" />
   <irq preferredWidth="34" />
   <inputclock preferredWidth="152" />
   <export preferredWidth="157" />
  </columns>
 </systemtable>
 <clocktable>
  <columns>
   <clockname preferredWidth="385" />
   <clocksource preferredWidth="384" />
   <frequency preferredWidth="365" />
  </columns>
 </clocktable>
 <library
   expandedCategories="Library,Library/Bridges,Library/Bridges/Memory-Mapped,Project,Library/Interface Protocols/Serial,Library/Interface Protocols" />
 <window width="1444" height="851" x="270" y="46" />
 <generation simulation="VHDL" />
 <hdlexample language="VHDL" />
</preferences>
