<?xml version="1.0" encoding="UTF-8"?>
<preferences>
 <debug showDebugMenu="0" />
 <systemtable>
  <columns>
   <connections preferredWidth="271" />
   <irq preferredWidth="34" />
   <inputclock preferredWidth="152" />
  </columns>
 </systemtable>
 <clocktable>
  <columns>
   <clockname preferredWidth="384" />
   <clocksource preferredWidth="384" />
   <frequency preferredWidth="366" />
  </columns>
 </clocktable>
 <library
   expandedCategories="Library/Bridges/Memory-Mapped,Library/University Program,Library/Window Bridge,Library/Interface Protocols/Ethernet,Library/Interface Protocols/Serial,Library/Interface Protocols,Library,Library/Bridges/Streaming,Library/University Program/Audio &amp; Video,Project,Library/University Program/Audio &amp; Video/Video,Library/Bridges" />
 <window width="1100" height="838" x="269" y="47" />
 <generation simulation="VHDL" />
 <hdlexample language="VHDL" />
</preferences>
