<?xml version="1.0" encoding="UTF-8"?>
<preferences>
 <debug showDebugMenu="0" />
 <systemtable>
  <columns>
   <connections preferredWidth="271" />
   <irq preferredWidth="34" />
   <inputclock preferredWidth="152" />
  </columns>
 </systemtable>
 <clocktable>
  <columns>
   <clockname preferredWidth="384" />
   <clocksource preferredWidth="384" />
   <frequency preferredWidth="366" />
  </columns>
 </clocktable>
 <library
   expandedCategories="Library/Interface Protocols,Library/University Program,Library,Library/Interface Protocols/SDI,Library/University Program/Audio &amp; Video,Project" />
 <window width="1100" height="838" x="288" y="37" />
 <generation simulation="VHDL" />
 <hdlexample language="VHDL" />
</preferences>
