# system info niosII_system on 2016.03.10.18:24:47
system_info:
name,value
DEVICE,EP2C35F672C6
DEVICE_FAMILY,Cyclone II
GENERATION_ID,1457659328
#
#
# Files generated for niosII_system on 2016.03.10.18:24:47
files:
filepath,kind,attributes,module,is_top
niosII_system/simulation/niosII_system.vhd,VHDL,,niosII_system,true
niosII_system/simulation/niosii_system_nios2_qsys_0_jtag_debug_module_translator.vhd,VHDL,,niosII_system,false
niosII_system/simulation/niosii_system_onchip_memory2_0_s1_translator.vhd,VHDL,,niosII_system,false
niosII_system/simulation/niosii_system_sdram_0_s1_translator.vhd,VHDL,,niosII_system,false
niosII_system/simulation/niosii_system_sram_0_avalon_sram_slave_translator.vhd,VHDL,,niosII_system,false
niosII_system/simulation/niosii_system_audio_0_avalon_audio_slave_translator.vhd,VHDL,,niosII_system,false
niosII_system/simulation/niosii_system_sysid_qsys_0_control_slave_translator.vhd,VHDL,,niosII_system,false
niosII_system/simulation/niosii_system_timer_0_s1_translator.vhd,VHDL,,niosII_system,false
niosII_system/simulation/niosii_system_jtag_uart_0_avalon_jtag_slave_translator.vhd,VHDL,,niosII_system,false
niosII_system/simulation/niosii_system_character_lcd_0_avalon_lcd_slave_translator.vhd,VHDL,,niosII_system,false
niosII_system/simulation/niosii_system_green_leds_s1_translator.vhd,VHDL,,niosII_system,false
niosII_system/simulation/submodules/niosII_system_nios2_qsys_0_jtag_debug_module_wrapper.vhd,VHDL,,niosII_system_nios2_qsys_0,false
niosII_system/simulation/submodules/niosII_system_nios2_qsys_0_rf_ram_b.hex,HEX,,niosII_system_nios2_qsys_0,false
niosII_system/simulation/submodules/niosII_system_nios2_qsys_0_jtag_debug_module_tck.vhd,VHDL,,niosII_system_nios2_qsys_0,false
niosII_system/simulation/submodules/niosII_system_nios2_qsys_0_rf_ram_a.dat,DAT,,niosII_system_nios2_qsys_0,false
niosII_system/simulation/submodules/niosII_system_nios2_qsys_0_test_bench.vhd,VHDL,,niosII_system_nios2_qsys_0,false
niosII_system/simulation/submodules/niosII_system_nios2_qsys_0.vhd,VHDL,,niosII_system_nios2_qsys_0,false
niosII_system/simulation/submodules/niosII_system_nios2_qsys_0.do,OTHER,,niosII_system_nios2_qsys_0,false
niosII_system/simulation/submodules/niosII_system_nios2_qsys_0_jtag_debug_module_sysclk.vhd,VHDL,,niosII_system_nios2_qsys_0,false
niosII_system/simulation/submodules/niosII_system_nios2_qsys_0_rf_ram_b.mif,MIF,,niosII_system_nios2_qsys_0,false
niosII_system/simulation/submodules/niosII_system_nios2_qsys_0_ociram_default_contents.mif,MIF,,niosII_system_nios2_qsys_0,false
niosII_system/simulation/submodules/niosII_system_nios2_qsys_0_ociram_default_contents.hex,HEX,,niosII_system_nios2_qsys_0,false
niosII_system/simulation/submodules/niosII_system_nios2_qsys_0_rf_ram_a.hex,HEX,,niosII_system_nios2_qsys_0,false
niosII_system/simulation/submodules/niosII_system_nios2_qsys_0_oci_test_bench.vhd,VHDL,,niosII_system_nios2_qsys_0,false
niosII_system/simulation/submodules/niosII_system_nios2_qsys_0.sdc,SDC,,niosII_system_nios2_qsys_0,false
niosII_system/simulation/submodules/niosII_system_nios2_qsys_0_rf_ram_b.dat,DAT,,niosII_system_nios2_qsys_0,false
niosII_system/simulation/submodules/niosII_system_nios2_qsys_0_rf_ram_a.mif,MIF,,niosII_system_nios2_qsys_0,false
niosII_system/simulation/submodules/niosII_system_nios2_qsys_0_ociram_default_contents.dat,DAT,,niosII_system_nios2_qsys_0,false
niosII_system/simulation/submodules/niosII_system_onchip_memory2_0.hex,HEX,,niosII_system_onchip_memory2_0,false
niosII_system/simulation/submodules/niosII_system_onchip_memory2_0.vhd,VHDL,,niosII_system_onchip_memory2_0,false
niosII_system/simulation/submodules/niosII_system_sysid_qsys_0.vho,VHDL,,niosII_system_sysid_qsys_0,false
niosII_system/simulation/submodules/niosII_system_timer_0.vhd,VHDL,,niosII_system_timer_0,false
niosII_system/simulation/submodules/niosII_system_jtag_uart_0.vhd,VHDL,,niosII_system_jtag_uart_0,false
niosII_system/simulation/submodules/niosII_system_jtag_uart_0_input_mutex.dat,OTHER,,niosII_system_jtag_uart_0,false
niosII_system/simulation/submodules/niosII_system_jtag_uart_0_output_stream.dat,OTHER,,niosII_system_jtag_uart_0,false
niosII_system/simulation/submodules/niosII_system_jtag_uart_0_input_stream.dat,OTHER,,niosII_system_jtag_uart_0,false
niosII_system/simulation/submodules/altera_up_character_lcd_communication.v,VERILOG,,niosII_system_character_lcd_0,false
niosII_system/simulation/submodules/altera_up_character_lcd_initialization.v,VERILOG,,niosII_system_character_lcd_0,false
niosII_system/simulation/submodules/niosII_system_character_lcd_0.vhd,VHDL,,niosII_system_character_lcd_0,false
niosII_system/simulation/submodules/niosII_system_green_leds.vhd,VHDL,,niosII_system_green_leds,false
niosII_system/simulation/submodules/niosII_system_altpll_0.vho,VHDL,,niosII_system_altpll_0,false
niosII_system/simulation/submodules/niosII_system_sdram_0.vhd,VHDL,,niosII_system_sdram_0,false
niosII_system/simulation/submodules/niosII_system_sram_0.vhd,VHDL,,niosII_system_sram_0,false
niosII_system/simulation/submodules/niosII_system_gate_timer.vhd,VHDL,,niosII_system_gate_timer,false
niosII_system/simulation/submodules/altera_up_audio_bit_counter.v,VERILOG,,niosII_system_audio_0,false
niosII_system/simulation/submodules/altera_up_audio_in_deserializer.v,VERILOG,,niosII_system_audio_0,false
niosII_system/simulation/submodules/altera_up_audio_out_serializer.v,VERILOG,,niosII_system_audio_0,false
niosII_system/simulation/submodules/altera_up_clock_edge.v,VERILOG,,niosII_system_audio_0,false
niosII_system/simulation/submodules/altera_up_sync_fifo.v,VERILOG,,niosII_system_audio_0,false
niosII_system/simulation/submodules/niosII_system_audio_0.vhd,VHDL,,niosII_system_audio_0,false
niosII_system/simulation/submodules/altera_up_av_config_serial_bus_controller.v,VERILOG,,niosII_system_audio_and_video_config_0,false
niosII_system/simulation/submodules/altera_up_slow_clock_generator.v,VERILOG,,niosII_system_audio_and_video_config_0,false
niosII_system/simulation/submodules/altera_up_av_config_auto_init.v,VERILOG,,niosII_system_audio_and_video_config_0,false
niosII_system/simulation/submodules/altera_up_av_config_auto_init_dc2.v,VERILOG,,niosII_system_audio_and_video_config_0,false
niosII_system/simulation/submodules/altera_up_av_config_auto_init_d5m.v,VERILOG,,niosII_system_audio_and_video_config_0,false
niosII_system/simulation/submodules/altera_up_av_config_auto_init_lcm.v,VERILOG,,niosII_system_audio_and_video_config_0,false
niosII_system/simulation/submodules/altera_up_av_config_auto_init_ltm.v,VERILOG,,niosII_system_audio_and_video_config_0,false
niosII_system/simulation/submodules/altera_up_av_config_auto_init_ob_de2_35.v,VERILOG,,niosII_system_audio_and_video_config_0,false
niosII_system/simulation/submodules/altera_up_av_config_auto_init_ob_adv7181.v,VERILOG,,niosII_system_audio_and_video_config_0,false
niosII_system/simulation/submodules/altera_up_av_config_auto_init_ob_de2_70.v,VERILOG,,niosII_system_audio_and_video_config_0,false
niosII_system/simulation/submodules/altera_up_av_config_auto_init_ob_de2_115.v,VERILOG,,niosII_system_audio_and_video_config_0,false
niosII_system/simulation/submodules/altera_up_av_config_auto_init_ob_audio.v,VERILOG,,niosII_system_audio_and_video_config_0,false
niosII_system/simulation/submodules/altera_up_av_config_auto_init_ob_adv7180.v,VERILOG,,niosII_system_audio_and_video_config_0,false
niosII_system/simulation/submodules/niosII_system_audio_and_video_config_0.vhd,VHDL,,niosII_system_audio_and_video_config_0,false
niosII_system/simulation/submodules/niosII_system_nios2_qsys_0_instruction_master_translator.vho,VHDL,,niosII_system_nios2_qsys_0_instruction_master_translator,false
niosII_system/simulation/submodules/niosII_system_nios2_qsys_0_data_master_translator.vho,VHDL,,niosII_system_nios2_qsys_0_data_master_translator,false
niosII_system/simulation/submodules/mentor/altera_merlin_slave_translator.sv,SYSTEM_VERILOG_ENCRYPT,MENTOR_SPECIFIC,altera_merlin_slave_translator,false
niosII_system/simulation/submodules/aldec/altera_merlin_slave_translator.sv,SYSTEM_VERILOG_ENCRYPT,ALDEC_SPECIFIC,altera_merlin_slave_translator,false
niosII_system/simulation/submodules/cadence/altera_merlin_slave_translator.sv,SYSTEM_VERILOG_ENCRYPT,CADENCE_SPECIFIC,altera_merlin_slave_translator,false
niosII_system/simulation/submodules/synopsys/altera_merlin_slave_translator.sv,SYSTEM_VERILOG_ENCRYPT,SYNOPSYS_SPECIFIC,altera_merlin_slave_translator,false
niosII_system/simulation/submodules/niosII_system_nios2_qsys_0_instruction_master_translator_avalon_universal_master_0_agent.vho,VHDL,,niosII_system_nios2_qsys_0_instruction_master_translator_avalon_universal_master_0_agent,false
niosII_system/simulation/submodules/niosII_system_nios2_qsys_0_data_master_translator_avalon_universal_master_0_agent.vho,VHDL,,niosII_system_nios2_qsys_0_data_master_translator_avalon_universal_master_0_agent,false
niosII_system/simulation/submodules/niosII_system_nios2_qsys_0_jtag_debug_module_translator_avalon_universal_slave_0_agent.vho,VHDL,,niosII_system_nios2_qsys_0_jtag_debug_module_translator_avalon_universal_slave_0_agent,false
niosII_system/simulation/submodules/niosII_system_nios2_qsys_0_jtag_debug_module_translator_avalon_universal_slave_0_agent_rsp_fifo.vho,VHDL,,niosII_system_nios2_qsys_0_jtag_debug_module_translator_avalon_universal_slave_0_agent_rsp_fifo,false
niosII_system/simulation/submodules/niosII_system_onchip_memory2_0_s1_translator_avalon_universal_slave_0_agent.vho,VHDL,,niosII_system_onchip_memory2_0_s1_translator_avalon_universal_slave_0_agent,false
niosII_system/simulation/submodules/niosII_system_sdram_0_s1_translator_avalon_universal_slave_0_agent.vho,VHDL,,niosII_system_sdram_0_s1_translator_avalon_universal_slave_0_agent,false
niosII_system/simulation/submodules/niosII_system_sdram_0_s1_translator_avalon_universal_slave_0_agent_rsp_fifo.vho,VHDL,,niosII_system_sdram_0_s1_translator_avalon_universal_slave_0_agent_rsp_fifo,false
niosII_system/simulation/submodules/niosII_system_sram_0_avalon_sram_slave_translator_avalon_universal_slave_0_agent.vho,VHDL,,niosII_system_sram_0_avalon_sram_slave_translator_avalon_universal_slave_0_agent,false
niosII_system/simulation/submodules/niosII_system_sram_0_avalon_sram_slave_translator_avalon_universal_slave_0_agent_rsp_fifo.vho,VHDL,,niosII_system_sram_0_avalon_sram_slave_translator_avalon_universal_slave_0_agent_rsp_fifo,false
niosII_system/simulation/submodules/niosII_system_audio_0_avalon_audio_slave_translator_avalon_universal_slave_0_agent.vho,VHDL,,niosII_system_audio_0_avalon_audio_slave_translator_avalon_universal_slave_0_agent,false
niosII_system/simulation/submodules/niosII_system_audio_and_video_config_0_avalon_av_config_slave_translator_avalon_universal_slave_0_agent.vho,VHDL,,niosII_system_audio_and_video_config_0_avalon_av_config_slave_translator_avalon_universal_slave_0_agent,false
niosII_system/simulation/submodules/niosII_system_sysid_qsys_0_control_slave_translator_avalon_universal_slave_0_agent.vho,VHDL,,niosII_system_sysid_qsys_0_control_slave_translator_avalon_universal_slave_0_agent,false
niosII_system/simulation/submodules/niosII_system_timer_0_s1_translator_avalon_universal_slave_0_agent.vho,VHDL,,niosII_system_timer_0_s1_translator_avalon_universal_slave_0_agent,false
niosII_system/simulation/submodules/niosII_system_jtag_uart_0_avalon_jtag_slave_translator_avalon_universal_slave_0_agent.vho,VHDL,,niosII_system_jtag_uart_0_avalon_jtag_slave_translator_avalon_universal_slave_0_agent,false
niosII_system/simulation/submodules/niosII_system_character_lcd_0_avalon_lcd_slave_translator_avalon_universal_slave_0_agent.vho,VHDL,,niosII_system_character_lcd_0_avalon_lcd_slave_translator_avalon_universal_slave_0_agent,false
niosII_system/simulation/submodules/niosII_system_character_lcd_0_avalon_lcd_slave_translator_avalon_universal_slave_0_agent_rsp_fifo.vho,VHDL,,niosII_system_character_lcd_0_avalon_lcd_slave_translator_avalon_universal_slave_0_agent_rsp_fifo,false
niosII_system/simulation/submodules/niosII_system_green_leds_s1_translator_avalon_universal_slave_0_agent.vho,VHDL,,niosII_system_green_leds_s1_translator_avalon_universal_slave_0_agent,false
niosII_system/simulation/submodules/niosII_system_altpll_0_pll_slave_translator_avalon_universal_slave_0_agent.vho,VHDL,,niosII_system_altpll_0_pll_slave_translator_avalon_universal_slave_0_agent,false
niosII_system/simulation/submodules/niosII_system_altpll_0_pll_slave_translator_avalon_universal_slave_0_agent_rdata_fifo.vho,VHDL,,niosII_system_altpll_0_pll_slave_translator_avalon_universal_slave_0_agent_rdata_fifo,false
niosII_system/simulation/submodules/niosII_system_gate_timer_s1_translator_avalon_universal_slave_0_agent.vho,VHDL,,niosII_system_gate_timer_s1_translator_avalon_universal_slave_0_agent,false
niosII_system/simulation/submodules/niosII_system_addr_router.vho,VHDL,,niosII_system_addr_router,false
niosII_system/simulation/submodules/niosII_system_addr_router_001.vho,VHDL,,niosII_system_addr_router_001,false
niosII_system/simulation/submodules/niosII_system_id_router.vho,VHDL,,niosII_system_id_router,false
niosII_system/simulation/submodules/niosII_system_id_router_002.vho,VHDL,,niosII_system_id_router_002,false
niosII_system/simulation/submodules/niosII_system_id_router_006.vho,VHDL,,niosII_system_id_router_006,false
niosII_system/simulation/submodules/niosII_system_id_router_009.vho,VHDL,,niosII_system_id_router_009,false
niosII_system/simulation/submodules/niosII_system_burst_adapter.vho,VHDL,,niosII_system_burst_adapter,false
niosII_system/simulation/submodules/niosII_system_burst_adapter_002.vho,VHDL,,niosII_system_burst_adapter_002,false
niosII_system/simulation/submodules/niosII_system_rst_controller.vho,VHDL,,niosII_system_rst_controller,false
niosII_system/simulation/submodules/niosII_system_rst_controller_002.vho,VHDL,,niosII_system_rst_controller_002,false
niosII_system/simulation/submodules/niosII_system_cmd_xbar_demux.vho,VHDL,,niosII_system_cmd_xbar_demux,false
niosII_system/simulation/submodules/niosII_system_cmd_xbar_demux_001.vho,VHDL,,niosII_system_cmd_xbar_demux_001,false
niosII_system/simulation/submodules/niosII_system_cmd_xbar_mux.vho,VHDL,,niosII_system_cmd_xbar_mux,false
niosII_system/simulation/submodules/niosII_system_rsp_xbar_demux.vho,VHDL,,niosII_system_rsp_xbar_demux,false
niosII_system/simulation/submodules/niosII_system_rsp_xbar_demux_006.vho,VHDL,,niosII_system_rsp_xbar_demux_006,false
niosII_system/simulation/submodules/niosII_system_rsp_xbar_mux.vho,VHDL,,niosII_system_rsp_xbar_mux,false
niosII_system/simulation/submodules/niosII_system_rsp_xbar_mux_001.vho,VHDL,,niosII_system_rsp_xbar_mux_001,false
niosII_system/simulation/submodules/niosII_system_width_adapter.vho,VHDL,,niosII_system_width_adapter,false
niosII_system/simulation/submodules/niosII_system_width_adapter_001.vho,VHDL,,niosII_system_width_adapter_001,false
niosII_system/simulation/submodules/niosII_system_width_adapter_004.vho,VHDL,,niosII_system_width_adapter_004,false
niosII_system/simulation/submodules/niosII_system_width_adapter_005.vho,VHDL,,niosII_system_width_adapter_005,false
niosII_system/simulation/submodules/niosII_system_crosser.vho,VHDL,,niosII_system_crosser,false
niosII_system/simulation/submodules/niosII_system_irq_mapper.vho,VHDL,,niosII_system_irq_mapper,false
#
# Map from instance-path to kind of module
instances:
instancePath,module
niosII_system.nios2_qsys_0,niosII_system_nios2_qsys_0
niosII_system.onchip_memory2_0,niosII_system_onchip_memory2_0
niosII_system.sysid_qsys_0,niosII_system_sysid_qsys_0
niosII_system.timer_0,niosII_system_timer_0
niosII_system.jtag_uart_0,niosII_system_jtag_uart_0
niosII_system.character_lcd_0,niosII_system_character_lcd_0
niosII_system.green_leds,niosII_system_green_leds
niosII_system.altpll_0,niosII_system_altpll_0
niosII_system.sdram_0,niosII_system_sdram_0
niosII_system.sram_0,niosII_system_sram_0
niosII_system.gate_timer,niosII_system_gate_timer
niosII_system.audio_0,niosII_system_audio_0
niosII_system.audio_and_video_config_0,niosII_system_audio_and_video_config_0
niosII_system.nios2_qsys_0_instruction_master_translator,niosII_system_nios2_qsys_0_instruction_master_translator
niosII_system.nios2_qsys_0_data_master_translator,niosII_system_nios2_qsys_0_data_master_translator
niosII_system.nios2_qsys_0_jtag_debug_module_translator,altera_merlin_slave_translator
niosII_system.onchip_memory2_0_s1_translator,altera_merlin_slave_translator
niosII_system.sdram_0_s1_translator,altera_merlin_slave_translator
niosII_system.sram_0_avalon_sram_slave_translator,altera_merlin_slave_translator
niosII_system.audio_0_avalon_audio_slave_translator,altera_merlin_slave_translator
niosII_system.audio_and_video_config_0_avalon_av_config_slave_translator,altera_merlin_slave_translator
niosII_system.sysid_qsys_0_control_slave_translator,altera_merlin_slave_translator
niosII_system.timer_0_s1_translator,altera_merlin_slave_translator
niosII_system.jtag_uart_0_avalon_jtag_slave_translator,altera_merlin_slave_translator
niosII_system.character_lcd_0_avalon_lcd_slave_translator,altera_merlin_slave_translator
niosII_system.green_leds_s1_translator,altera_merlin_slave_translator
niosII_system.altpll_0_pll_slave_translator,altera_merlin_slave_translator
niosII_system.gate_timer_s1_translator,altera_merlin_slave_translator
niosII_system.nios2_qsys_0_jtag_debug_module_translator,altera_merlin_slave_translator
niosII_system.onchip_memory2_0_s1_translator,altera_merlin_slave_translator
niosII_system.sdram_0_s1_translator,altera_merlin_slave_translator
niosII_system.sram_0_avalon_sram_slave_translator,altera_merlin_slave_translator
niosII_system.audio_0_avalon_audio_slave_translator,altera_merlin_slave_translator
niosII_system.sysid_qsys_0_control_slave_translator,altera_merlin_slave_translator
niosII_system.timer_0_s1_translator,altera_merlin_slave_translator
niosII_system.jtag_uart_0_avalon_jtag_slave_translator,altera_merlin_slave_translator
niosII_system.character_lcd_0_avalon_lcd_slave_translator,altera_merlin_slave_translator
niosII_system.green_leds_s1_translator,altera_merlin_slave_translator
niosII_system.nios2_qsys_0_instruction_master_translator_avalon_universal_master_0_agent,niosII_system_nios2_qsys_0_instruction_master_translator_avalon_universal_master_0_agent
niosII_system.nios2_qsys_0_data_master_translator_avalon_universal_master_0_agent,niosII_system_nios2_qsys_0_data_master_translator_avalon_universal_master_0_agent
niosII_system.nios2_qsys_0_jtag_debug_module_translator_avalon_universal_slave_0_agent,niosII_system_nios2_qsys_0_jtag_debug_module_translator_avalon_universal_slave_0_agent
niosII_system.nios2_qsys_0_jtag_debug_module_translator_avalon_universal_slave_0_agent_rsp_fifo,niosII_system_nios2_qsys_0_jtag_debug_module_translator_avalon_universal_slave_0_agent_rsp_fifo
niosII_system.onchip_memory2_0_s1_translator_avalon_universal_slave_0_agent_rsp_fifo,niosII_system_nios2_qsys_0_jtag_debug_module_translator_avalon_universal_slave_0_agent_rsp_fifo
niosII_system.audio_0_avalon_audio_slave_translator_avalon_universal_slave_0_agent_rsp_fifo,niosII_system_nios2_qsys_0_jtag_debug_module_translator_avalon_universal_slave_0_agent_rsp_fifo
niosII_system.audio_and_video_config_0_avalon_av_config_slave_translator_avalon_universal_slave_0_agent_rsp_fifo,niosII_system_nios2_qsys_0_jtag_debug_module_translator_avalon_universal_slave_0_agent_rsp_fifo
niosII_system.sysid_qsys_0_control_slave_translator_avalon_universal_slave_0_agent_rsp_fifo,niosII_system_nios2_qsys_0_jtag_debug_module_translator_avalon_universal_slave_0_agent_rsp_fifo
niosII_system.timer_0_s1_translator_avalon_universal_slave_0_agent_rsp_fifo,niosII_system_nios2_qsys_0_jtag_debug_module_translator_avalon_universal_slave_0_agent_rsp_fifo
niosII_system.jtag_uart_0_avalon_jtag_slave_translator_avalon_universal_slave_0_agent_rsp_fifo,niosII_system_nios2_qsys_0_jtag_debug_module_translator_avalon_universal_slave_0_agent_rsp_fifo
niosII_system.green_leds_s1_translator_avalon_universal_slave_0_agent_rsp_fifo,niosII_system_nios2_qsys_0_jtag_debug_module_translator_avalon_universal_slave_0_agent_rsp_fifo
niosII_system.altpll_0_pll_slave_translator_avalon_universal_slave_0_agent_rsp_fifo,niosII_system_nios2_qsys_0_jtag_debug_module_translator_avalon_universal_slave_0_agent_rsp_fifo
niosII_system.gate_timer_s1_translator_avalon_universal_slave_0_agent_rsp_fifo,niosII_system_nios2_qsys_0_jtag_debug_module_translator_avalon_universal_slave_0_agent_rsp_fifo
niosII_system.onchip_memory2_0_s1_translator_avalon_universal_slave_0_agent,niosII_system_onchip_memory2_0_s1_translator_avalon_universal_slave_0_agent
niosII_system.sdram_0_s1_translator_avalon_universal_slave_0_agent,niosII_system_sdram_0_s1_translator_avalon_universal_slave_0_agent
niosII_system.sdram_0_s1_translator_avalon_universal_slave_0_agent_rsp_fifo,niosII_system_sdram_0_s1_translator_avalon_universal_slave_0_agent_rsp_fifo
niosII_system.sram_0_avalon_sram_slave_translator_avalon_universal_slave_0_agent,niosII_system_sram_0_avalon_sram_slave_translator_avalon_universal_slave_0_agent
niosII_system.sram_0_avalon_sram_slave_translator_avalon_universal_slave_0_agent_rsp_fifo,niosII_system_sram_0_avalon_sram_slave_translator_avalon_universal_slave_0_agent_rsp_fifo
niosII_system.audio_0_avalon_audio_slave_translator_avalon_universal_slave_0_agent,niosII_system_audio_0_avalon_audio_slave_translator_avalon_universal_slave_0_agent
niosII_system.audio_and_video_config_0_avalon_av_config_slave_translator_avalon_universal_slave_0_agent,niosII_system_audio_and_video_config_0_avalon_av_config_slave_translator_avalon_universal_slave_0_agent
niosII_system.sysid_qsys_0_control_slave_translator_avalon_universal_slave_0_agent,niosII_system_sysid_qsys_0_control_slave_translator_avalon_universal_slave_0_agent
niosII_system.timer_0_s1_translator_avalon_universal_slave_0_agent,niosII_system_timer_0_s1_translator_avalon_universal_slave_0_agent
niosII_system.jtag_uart_0_avalon_jtag_slave_translator_avalon_universal_slave_0_agent,niosII_system_jtag_uart_0_avalon_jtag_slave_translator_avalon_universal_slave_0_agent
niosII_system.character_lcd_0_avalon_lcd_slave_translator_avalon_universal_slave_0_agent,niosII_system_character_lcd_0_avalon_lcd_slave_translator_avalon_universal_slave_0_agent
niosII_system.character_lcd_0_avalon_lcd_slave_translator_avalon_universal_slave_0_agent_rsp_fifo,niosII_system_character_lcd_0_avalon_lcd_slave_translator_avalon_universal_slave_0_agent_rsp_fifo
niosII_system.green_leds_s1_translator_avalon_universal_slave_0_agent,niosII_system_green_leds_s1_translator_avalon_universal_slave_0_agent
niosII_system.altpll_0_pll_slave_translator_avalon_universal_slave_0_agent,niosII_system_altpll_0_pll_slave_translator_avalon_universal_slave_0_agent
niosII_system.altpll_0_pll_slave_translator_avalon_universal_slave_0_agent_rdata_fifo,niosII_system_altpll_0_pll_slave_translator_avalon_universal_slave_0_agent_rdata_fifo
niosII_system.gate_timer_s1_translator_avalon_universal_slave_0_agent,niosII_system_gate_timer_s1_translator_avalon_universal_slave_0_agent
niosII_system.addr_router,niosII_system_addr_router
niosII_system.addr_router_001,niosII_system_addr_router_001
niosII_system.id_router,niosII_system_id_router
niosII_system.id_router_001,niosII_system_id_router
niosII_system.id_router_004,niosII_system_id_router
niosII_system.id_router_005,niosII_system_id_router
niosII_system.id_router_002,niosII_system_id_router_002
niosII_system.id_router_003,niosII_system_id_router_002
niosII_system.id_router_006,niosII_system_id_router_006
niosII_system.id_router_007,niosII_system_id_router_006
niosII_system.id_router_008,niosII_system_id_router_006
niosII_system.id_router_010,niosII_system_id_router_006
niosII_system.id_router_011,niosII_system_id_router_006
niosII_system.id_router_012,niosII_system_id_router_006
niosII_system.id_router_009,niosII_system_id_router_009
niosII_system.burst_adapter,niosII_system_burst_adapter
niosII_system.burst_adapter_001,niosII_system_burst_adapter
niosII_system.burst_adapter_002,niosII_system_burst_adapter_002
niosII_system.rst_controller,niosII_system_rst_controller
niosII_system.rst_controller_001,niosII_system_rst_controller
niosII_system.rst_controller_002,niosII_system_rst_controller_002
niosII_system.cmd_xbar_demux,niosII_system_cmd_xbar_demux
niosII_system.cmd_xbar_demux_001,niosII_system_cmd_xbar_demux_001
niosII_system.cmd_xbar_mux,niosII_system_cmd_xbar_mux
niosII_system.cmd_xbar_mux_001,niosII_system_cmd_xbar_mux
niosII_system.cmd_xbar_mux_002,niosII_system_cmd_xbar_mux
niosII_system.cmd_xbar_mux_003,niosII_system_cmd_xbar_mux
niosII_system.cmd_xbar_mux_004,niosII_system_cmd_xbar_mux
niosII_system.cmd_xbar_mux_005,niosII_system_cmd_xbar_mux
niosII_system.rsp_xbar_demux,niosII_system_rsp_xbar_demux
niosII_system.rsp_xbar_demux_001,niosII_system_rsp_xbar_demux
niosII_system.rsp_xbar_demux_002,niosII_system_rsp_xbar_demux
niosII_system.rsp_xbar_demux_003,niosII_system_rsp_xbar_demux
niosII_system.rsp_xbar_demux_004,niosII_system_rsp_xbar_demux
niosII_system.rsp_xbar_demux_005,niosII_system_rsp_xbar_demux
niosII_system.rsp_xbar_demux_006,niosII_system_rsp_xbar_demux_006
niosII_system.rsp_xbar_demux_007,niosII_system_rsp_xbar_demux_006
niosII_system.rsp_xbar_demux_008,niosII_system_rsp_xbar_demux_006
niosII_system.rsp_xbar_demux_009,niosII_system_rsp_xbar_demux_006
niosII_system.rsp_xbar_demux_010,niosII_system_rsp_xbar_demux_006
niosII_system.rsp_xbar_demux_011,niosII_system_rsp_xbar_demux_006
niosII_system.rsp_xbar_demux_012,niosII_system_rsp_xbar_demux_006
niosII_system.rsp_xbar_mux,niosII_system_rsp_xbar_mux
niosII_system.rsp_xbar_mux_001,niosII_system_rsp_xbar_mux_001
niosII_system.width_adapter,niosII_system_width_adapter
niosII_system.width_adapter_002,niosII_system_width_adapter
niosII_system.width_adapter_001,niosII_system_width_adapter_001
niosII_system.width_adapter_003,niosII_system_width_adapter_001
niosII_system.width_adapter_004,niosII_system_width_adapter_004
niosII_system.width_adapter_005,niosII_system_width_adapter_005
niosII_system.crosser,niosII_system_crosser
niosII_system.crosser_001,niosII_system_crosser
niosII_system.irq_mapper,niosII_system_irq_mapper
