<?xml version="1.0" encoding="UTF-8"?>
<preferences>
 <debug showDebugMenu="0" />
 <systemtable>
  <columns>
   <connections preferredWidth="47" />
   <irq preferredWidth="34" />
  </columns>
 </systemtable>
 <clocktable>
  <columns>
   <clockname preferredWidth="270" />
   <clocksource preferredWidth="270" />
   <frequency preferredWidth="250" />
  </columns>
 </clocktable>
 <library
   expandedCategories="Library/Interface Protocols/RapidIO,Library/Interface Protocols/SDI,Project,Library/University Program,Library/University Program/Audio &amp; Video,Library,Library/Interface Protocols" />
 <window width="1100" height="800" x="270" y="46" />
</preferences>
